{
  "version": 2,
  "builds": [
    {
      "src": "public/**",
      "use": "@vercel/static"
    }
  ],
  "routes": [
    {
      "src": "/",
      "dest": "/public/index.html"
    },
    {
      "src": "/dashboard",
      "dest": "/public/dashboard/index.html"
    },
    {
      "src": "/saque",
      "dest": "/public/saque/index.html"
    },
    {
      "src": "/desbloqueio",
      "dest": "/public/desbloqueio/index.html"
    },
    {
      "src": "/faq",
      "dest": "/public/faq/index.html"
    },
    {
      "src": "/css/(.*)",
      "dest": "/public/css/$1"
    },
    {
      "src": "/js/(.*)",
      "dest": "/public/js/$1"
    },
    {
      "src": "/images/(.*)",
      "dest": "/public/images/$1"
    },
    {
      "src": "/fonts/(.*)",
      "dest": "/public/fonts/$1"
    },
    {
      "src": "/sounds/(.*)",
      "dest": "/public/sounds/$1"
    },
    {
      "src": "/(.*)",
      "dest": "/public/$1"
    }
  ]
}